"V1","V2"
-0.0107518675850696,-0.0402172355343071
-0.234159976135128,-0.085242100438279
-0.0384030512458664,-0.126169285107021
0.00226332094751363,-0.230151846835115
-0.197451625735071,-0.0134731462050107
-0.011629999195438,-0.195437602270097
-0.0156907037555747,-0.11492105444049
-0.305734201024999,-0.107786087056005
0.139291502016314,-0.285861987534413
0.383099128745452,0.0103480274131645
0.241319915062747,0.0114113474850421
0.48328190976458,-0.125352523733686
-0.0564422046446212,0.0352454627246928
-0.347269378832002,-0.161893013496076
0.256018991480538,-0.0451229322602521
0.424801396604318,0.0626782200505981
0.361489075068087,-0.0819919989558258
